<metadata><idinfo><citation><citeinfo><origin>Utah Automated Geographic Reference Center (AGRC)</origin><pubdate>20170908</pubdate><title>Light Rail Stations UTA</title><onlink>https://gis.utah.gov/data/transportation</onlink></citeinfo></citation><descript><abstract>A point file representing the center of the platform at all Utah Transit Authority light rail stations as of May 2013.</abstract><purpose>To display locations of light rail stations.</purpose></descript><timeperd><timeinfo><sngdate><caldate>2017</caldate></sngdate></timeinfo><current/></timeperd><status><progress>Complete</progress><update>As needed</update></status><spdom><bounding><westbc>-112.028146</westbc><eastbc>-111.833637</eastbc><northbc>40.784725</northbc><southbc>40.524364</southbc></bounding></spdom><keywords><theme><themekt>None</themekt><themekey>light rail transportation</themekey></theme><place><placekt/><placekey>Utah</placekey></place></keywords><accconst>None</accconst><useconst>Data released to the Receiving Agency (RA) remains the property of the originating data source (see Source_Information) and cannot be reproduced for sale by the RA without the written consent of that data source. Redistribution of datasets unchanged as obtained from the AGRC and without fee is allowed. Any hardcopies utilizing these data sets shall clearly indicate their source. If the RA has modified the data in any way, they are obligated to describe the types of modifications they have performed on the hardcopy map. RA specifically agrees not to misrepresent these data sets, nor to imply that changes they made were approved by the AGRC. The Utah Automated Geographic Reference Center (AGRC) has adopted the following spatial data disclaimer to be explicitly included or referenced in all geospatial data, mapping products, and services created or hosted at AGRC including the contents of State Geographic Information Database (SGID). This product is for informational purposes and may not have been prepared for, or be suitable for legal, engineering, or surveying purposes. Users of this information should review or consult the primary data and information sources to ascertain the usability of the information. AGRC provides these data in good faith and shall in no event be liable for any incorrect results, any lost profits and special, indirect or consequential damages to any party, arising out of or in connection with the use or the inability to use the data hereon or the services provided. AGRC provides these data and services as a convenience to the public. Further more, AGRC reserves the right to change or revise published data and/or these services at any time.Furthermore, it is the official policy of the AGRC: · that the adopted disclaimer be used on all hard copy maps produced from geospatial data, and that the date and source of the data be included on the map; · that spatial data producers be allowed to extend the adopted disclaimer with additional language further defining the limits of their liability; · that a more robust disclaimer may be used in conjunction with any and all geospatial data published on the Internet, on a separate page preceding access to the data, with an accept/reject option for users; · that standardized metadata be included with any distribution of all geospatial data; and · that the disclaimer above may be used as a blanket disclaimer for documents containing a number of small maps.</useconst><ptcontac><cntinfo><cntorgp><cntorg>Utah AGRC</cntorg><cntper/></cntorgp><cntpos/><cntaddr><addrtype>mailing and physical address</addrtype><address>Utah Automated Geographic Reference 1 State Office Building, Room 5130</address><city>Salt Lake City</city><state>UT</state><postal>84114</postal></cntaddr><cntvoice>801-538-3665</cntvoice></cntinfo></ptcontac></idinfo><distinfo><distrib><cntinfo><cntorgp><cntorg>Utah AGRC</cntorg><cntper/></cntorgp><cntpos/><cntaddr><addrtype>mailing and physical address</addrtype><address>Utah Automated Geographic Reference 1 State Office Building, Room 5130</address><city>Salt Lake City</city><state>UT</state><postal>84114</postal></cntaddr><cntvoice>801-538-3665</cntvoice></cntinfo></distrib><distliab/><stdorder><digform><digtinfo><formname>Downloadable File Geodatabase</formname></digtinfo><digtopt><onlinopt><computer><networka><networkr>https://drive.google.com/a/utah.gov/uc?id=0ByStJjVZ7c7mVzU3THJ4aDdrSTQ&amp;export=download</networkr></networka></computer></onlinopt></digtopt></digform><digform><digtinfo><formname>Downloadable Shapefile</formname></digtinfo><digtopt><onlinopt><computer><networka><networkr>https://drive.google.com/a/utah.gov/uc?id=0ByStJjVZ7c7mNGpwWExjY1IwTkE&amp;export=download</networkr></networka></computer></onlinopt></digtopt></digform><fees/></stdorder></distinfo><metainfo><metd/><metrd/><metc><cntinfo><cntorgp><cntorg>Utah AGRC</cntorg></cntorgp><cntaddr><addrtype>mailing and physical address</addrtype><address>Utah Automated Geographic Reference 1 State Office Building, Room 5130</address><city>Salt Lake City</city><state>UT</state><postal>84114</postal><country/></cntaddr><cntvoice>801-538-3665</cntvoice><cntemail/></cntinfo></metc><metstdn>FGDCContentStandardforDigitalGeospatialMetadata</metstdn><metstdv>FGDC-STD-001-1998</metstdv></metainfo><dataIdInfo><envirDesc Sync="TRUE"> Version 6.2 (Build 9200) ; Esri ArcGIS 10.4.1.5686</envirDesc><dataLang><languageCode value="eng" Sync="TRUE"></languageCode><countryCode value="USA" Sync="TRUE"></countryCode></dataLang><idCitation><resTitle Sync="TRUE">LightRailStations_UTA</resTitle><presForm><PresFormCd value="005" Sync="TRUE"></PresFormCd></presForm></idCitation><spatRpType><SpatRepTypCd value="001" Sync="TRUE"></SpatRepTypCd></spatRpType></dataIdInfo><mdLang><languageCode value="eng" Sync="TRUE"></languageCode><countryCode value="USA" Sync="TRUE"></countryCode></mdLang><Esri><DataProperties><itemProps><itemName Sync="TRUE">LightRailStations_UTA</itemName><imsContentType Sync="TRUE">002</imsContentType><itemLocation><linkage Sync="TRUE">file://\\SEDTS-L0E8-20GJ\C$\ZBECK\GitHub\backseat-driver\package_temp\LightRailStations_UTA\LightRailStations_UTA.shp</linkage><protocol Sync="TRUE">Local Area Network</protocol></itemLocation><itemSize Sync="TRUE">0.000</itemSize></itemProps><coordRef><type Sync="TRUE">Projected</type><geogcsn Sync="TRUE">GCS_North_American_1983</geogcsn><csUnits Sync="TRUE">Linear Unit: Meter (1.000000)</csUnits><projcsn Sync="TRUE">NAD_1983_UTM_Zone_12N</projcsn><peXml Sync="TRUE">&lt;ProjectedCoordinateSystem xsi:type='typens:ProjectedCoordinateSystem' xmlns:xsi='http://www.w3.org/2001/XMLSchema-instance' xmlns:xs='http://www.w3.org/2001/XMLSchema' xmlns:typens='http://www.esri.com/schemas/ArcGIS/10.4'&gt;&lt;WKT&gt;PROJCS[&amp;quot;NAD_1983_UTM_Zone_12N&amp;quot;,GEOGCS[&amp;quot;GCS_North_American_1983&amp;quot;,DATUM[&amp;quot;D_North_American_1983&amp;quot;,SPHEROID[&amp;quot;GRS_1980&amp;quot;,6378137.0,298.257222101]],PRIMEM[&amp;quot;Greenwich&amp;quot;,0.0],UNIT[&amp;quot;Degree&amp;quot;,0.0174532925199433]],PROJECTION[&amp;quot;Transverse_Mercator&amp;quot;],PARAMETER[&amp;quot;False_Easting&amp;quot;,500000.0],PARAMETER[&amp;quot;False_Northing&amp;quot;,0.0],PARAMETER[&amp;quot;Central_Meridian&amp;quot;,-111.0],PARAMETER[&amp;quot;Scale_Factor&amp;quot;,0.9996],PARAMETER[&amp;quot;Latitude_Of_Origin&amp;quot;,0.0],UNIT[&amp;quot;Meter&amp;quot;,1.0],AUTHORITY[&amp;quot;EPSG&amp;quot;,26912]]&lt;/WKT&gt;&lt;XOrigin&gt;-5120900&lt;/XOrigin&gt;&lt;YOrigin&gt;-9998100&lt;/YOrigin&gt;&lt;XYScale&gt;450445547.3910538&lt;/XYScale&gt;&lt;ZOrigin&gt;-100000&lt;/ZOrigin&gt;&lt;ZScale&gt;10000&lt;/ZScale&gt;&lt;MOrigin&gt;-100000&lt;/MOrigin&gt;&lt;MScale&gt;10000&lt;/MScale&gt;&lt;XYTolerance&gt;0.001&lt;/XYTolerance&gt;&lt;ZTolerance&gt;0.001&lt;/ZTolerance&gt;&lt;MTolerance&gt;0.001&lt;/MTolerance&gt;&lt;HighPrecision&gt;true&lt;/HighPrecision&gt;&lt;WKID&gt;26912&lt;/WKID&gt;&lt;LatestWKID&gt;26912&lt;/LatestWKID&gt;&lt;/ProjectedCoordinateSystem&gt;</peXml></coordRef><lineage><Process ToolSource="c:\program files (x86)\arcgis\desktop10.4\ArcToolbox\Toolboxes\Data Management Tools.tbx\CopyFeatures" Date="20171016" Time="102319">CopyFeatures "Database Connections\dc_agrc@SGID10@sgid.agrc.utah.gov.sde\SGID10.TRANSPORTATION.LightRailStations_UTA" package_temp\LightRailStations_UTA.gdb\LightRailStations_UTA # 0 0 0</Process><Process ToolSource="c:\program files (x86)\arcgis\desktop10.4\ArcToolbox\Toolboxes\Data Management Tools.tbx\CopyFeatures" Date="20171016" Time="102319">CopyFeatures package_temp\LightRailStations_UTA.gdb\LightRailStations_UTA package_temp\LightRailStations_UTA\LightRailStations_UTA.shp # 0 0 0</Process></lineage></DataProperties><SyncDate>20171016</SyncDate><SyncTime>10231900</SyncTime><ModDate>20171016</ModDate><ModTime>10231900</ModTime></Esri><distInfo><distFormat><formatName Sync="TRUE">Shapefile</formatName></distFormat><distTranOps><transSize Sync="TRUE">0.000</transSize></distTranOps></distInfo><mdHrLv><ScopeCd value="005" Sync="TRUE"></ScopeCd></mdHrLv><mdHrLvName Sync="TRUE">dataset</mdHrLvName><refSysInfo><RefSystem><refSysID><identCode code="26912" Sync="TRUE"></identCode><idCodeSpace Sync="TRUE">EPSG</idCodeSpace><idVersion Sync="TRUE">6.13(3.0.1)</idVersion></refSysID></RefSystem></refSysInfo><spatRepInfo><VectSpatRep><geometObjs Name="LightRailStations_UTA"><geoObjTyp><GeoObjTypCd value="004" Sync="TRUE"></GeoObjTypCd></geoObjTyp><geoObjCnt Sync="TRUE">0</geoObjCnt></geometObjs><topLvl><TopoLevCd value="001" Sync="TRUE"></TopoLevCd></topLvl></VectSpatRep></spatRepInfo><spdoinfo><ptvctinf><esriterm Name="LightRailStations_UTA"><efeatyp Sync="TRUE">Simple</efeatyp><efeageom code="1" Sync="TRUE"></efeageom><esritopo Sync="TRUE">FALSE</esritopo><efeacnt Sync="TRUE">0</efeacnt><spindex Sync="TRUE">FALSE</spindex><linrefer Sync="TRUE">FALSE</linrefer></esriterm></ptvctinf></spdoinfo><eainfo><detailed Name="LightRailStations_UTA"><enttyp><enttypl Sync="TRUE">LightRailStations_UTA</enttypl><enttypt Sync="TRUE">Feature Class</enttypt><enttypc Sync="TRUE">0</enttypc></enttyp><attr><attrlabl Sync="TRUE">FID</attrlabl><attalias Sync="TRUE">FID</attalias><attrtype Sync="TRUE">OID</attrtype><attwidth Sync="TRUE">4</attwidth><atprecis Sync="TRUE">0</atprecis><attscale Sync="TRUE">0</attscale><attrdef Sync="TRUE">Internal feature number.</attrdef><attrdefs Sync="TRUE">Esri</attrdefs><attrdomv><udom Sync="TRUE">Sequential unique whole numbers that are automatically generated.</udom></attrdomv></attr><attr><attrlabl Sync="TRUE">Shape</attrlabl><attalias Sync="TRUE">Shape</attalias><attrtype Sync="TRUE">Geometry</attrtype><attwidth Sync="TRUE">0</attwidth><atprecis Sync="TRUE">0</atprecis><attscale Sync="TRUE">0</attscale><attrdef Sync="TRUE">Feature geometry.</attrdef><attrdefs Sync="TRUE">Esri</attrdefs><attrdomv><udom Sync="TRUE">Coordinates defining the features.</udom></attrdomv></attr><attr><attrlabl Sync="TRUE">ID</attrlabl><attalias Sync="TRUE">ID</attalias><attrtype Sync="TRUE">Double</attrtype><attwidth Sync="TRUE">19</attwidth><atprecis Sync="TRUE">0</atprecis><attscale Sync="TRUE">0</attscale></attr><attr><attrlabl Sync="TRUE">ADDRESS</attrlabl><attalias Sync="TRUE">ADDRESS</attalias><attrtype Sync="TRUE">String</attrtype><attwidth Sync="TRUE">40</attwidth><atprecis Sync="TRUE">0</atprecis><attscale Sync="TRUE">0</attscale></attr><attr><attrlabl Sync="TRUE">PARKNRIDE</attrlabl><attalias Sync="TRUE">PARKNRIDE</attalias><attrtype Sync="TRUE">String</attrtype><attwidth Sync="TRUE">16</attwidth><atprecis Sync="TRUE">0</atprecis><attscale Sync="TRUE">0</attscale></attr><attr><attrlabl Sync="TRUE">STATIONNAM</attrlabl><attalias Sync="TRUE">STATIONNAM</attalias><attrtype Sync="TRUE">String</attrtype><attwidth Sync="TRUE">30</attwidth><atprecis Sync="TRUE">0</atprecis><attscale Sync="TRUE">0</attscale></attr><attr><attrlabl Sync="TRUE">LINENAME</attrlabl><attalias Sync="TRUE">LINENAME</attalias><attrtype Sync="TRUE">String</attrtype><attwidth Sync="TRUE">25</attwidth><atprecis Sync="TRUE">0</atprecis><attscale Sync="TRUE">0</attscale></attr><attr><attrlabl Sync="TRUE">STATUS</attrlabl><attalias Sync="TRUE">STATUS</attalias><attrtype Sync="TRUE">String</attrtype><attwidth Sync="TRUE">20</attwidth><atprecis Sync="TRUE">0</atprecis><attscale Sync="TRUE">0</attscale></attr></detailed></eainfo><mdDateSt Sync="TRUE">20171016</mdDateSt></metadata>
